"chr","start","end","copy"
"2",146862436,1.47e+08,3
"2",147000001,147500000,3
"2",147500001,1.48e+08,3
"2",148000001,148500000,3
"2",148500001,1.49e+08,3
"2",149000001,149500000,3
"2",149500001,1.5e+08,3
"2",150000001,150500000,3
"2",150500001,1.51e+08,3
"2",151000001,151500000,3
"2",151500001,1.52e+08,3
"2",152000001,152500000,3
"2",152500001,1.53e+08,3
"2",153000001,153500000,3
"2",153500001,1.54e+08,3
"2",154000001,154500000,3
"2",154500001,154512182,3
"2",154519118,1.55e+08,3
"2",155000001,155280070,3
"2",162319074,162500000,3
"2",162500001,1.63e+08,3
"2",163000001,163500000,3
"2",163500001,1.64e+08,3
"2",164000001,164500000,3
"2",164500001,1.65e+08,3
"2",165000001,165500000,3
"2",165500001,1.66e+08,3
"2",166000001,166500000,3
"2",166500001,1.67e+08,3
"2",167000001,167500000,3
"2",167500001,1.68e+08,3
"2",168000001,168500000,3
"2",168500001,1.69e+08,3
"2",169000001,169500000,3
"2",169500001,1.7e+08,3
"2",170000001,170175806,3
"3",69013829,69055019,4
"3",69055020,69500000,4
"3",69500001,7e+07,4
"3",70000001,70500000,4
"3",70500001,7.1e+07,4
"3",71000001,71500000,4
"3",71500001,7.2e+07,4
"3",72000001,72500000,4
"3",72500001,7.3e+07,4
"3",73000001,73500000,4
"3",73500001,7.4e+07,4
"3",74000001,74500000,4
"3",74500001,7.5e+07,4
"3",75000001,75500000,4
"3",75500001,7.6e+07,4
"3",76000001,76500000,4
"3",76500001,7.7e+07,4
"3",77000001,77500000,4
"3",77500001,7.8e+07,4
"3",78000001,78500000,4
"3",78500001,7.9e+07,4
"3",79000001,79500000,4
"3",79500001,8e+07,4
"3",80000001,80500000,4
"3",80500001,8.1e+07,4
"3",81000001,81500000,4
"3",81500001,8.2e+07,4
"3",82000001,82500000,4
"3",82500001,8.3e+07,4
"3",83000001,83500000,4
"3",83500001,8.4e+07,4
"3",84000001,84275552,4
"3",98000928,98500000,4
"3",98500001,9.9e+07,4
"3",99000001,99500000,4
"3",99500001,1e+08,4
"3",100000001,100500000,4
"3",100500001,1.01e+08,4
"3",101000001,101500000,4
"3",101500001,1.02e+08,4
"3",102000001,102500000,4
"3",102500001,1.03e+08,4
"3",103000001,103336494,4
"3",103336495,103348593,4
"3",104582455,104835160,5
"3",104835161,1.05e+08,4
"3",105000001,105500000,4
"3",105500001,1.06e+08,4
"3",106000001,106500000,4
"3",106500001,1.07e+08,4
"3",107000001,107500000,4
"3",107500001,1.08e+08,4
"3",108000001,108500000,4
"3",108500001,1.09e+08,4
"3",109000001,109500000,4
"3",109500001,1.1e+08,4
"3",110000001,110500000,4
"3",110500001,1.11e+08,4
"3",111000001,111500000,4
"3",111500001,1.12e+08,4
"3",112000001,112139601,4
"3",113650008,1.14e+08,4
"3",114000001,114500000,4
"3",114500001,1.15e+08,4
"3",115000001,115500000,4
"3",115500001,1.16e+08,4
"3",116000001,116500000,4
"3",116500001,1.17e+08,4
"3",117000001,117500000,4
"3",117500001,1.18e+08,4
"3",118000001,118500000,4
"3",118500001,1.19e+08,4
"3",119000001,119126717,4
"3",135402450,135760504,6
"3",139866102,1.4e+08,4
"3",140000001,140500000,4
"3",140500001,1.41e+08,4
"3",141000001,141500000,4
"3",141500001,1.42e+08,4
"3",142000001,142500000,4
"3",142500001,1.43e+08,4
"3",143000001,143096352,4
"3",143163504,143500000,4
"3",143500001,1.44e+08,4
"3",144000001,144372264,4
"3",144372265,144373165,4
"3",144373166,144500000,4
"3",144500001,1.45e+08,4
"3",145000001,145500000,4
"3",145500001,1.46e+08,4
"3",146000001,146500000,4
"3",146500001,1.47e+08,4
"3",147000001,147500000,4
"3",147500001,1.48e+08,4
"3",148000001,148500000,4
"3",148500001,148645396,4
"3",148645397,148754131,5
"3",148754132,1.49e+08,4
"3",149000001,149500000,4
"3",149500001,1.5e+08,4
"3",150000001,150500000,4
"3",150500001,1.51e+08,4
"3",151000001,151500000,4
"3",151500001,1.52e+08,4
"3",152000001,152500000,4
"3",152500001,1.53e+08,4
"3",153000001,153500000,4
"3",153500001,1.54e+08,4
"3",154000001,154500000,4
"3",154500001,1.55e+08,4
"3",155000001,155500000,4
"3",155500001,1.56e+08,4
"3",156000001,156500000,4
"3",156500001,1.57e+08,4
"3",157000001,157500000,4
"3",157500001,1.58e+08,4
"3",158000001,158500000,4
"3",158500001,1.59e+08,4
"3",159000001,159500000,4
"3",159500001,1.6e+08,4
"3",160000001,160500000,4
"3",160500001,1.61e+08,4
"3",161000001,161500000,4
"3",161500001,1.62e+08,4
"3",162000001,162500000,4
"3",162500001,1.63e+08,4
"3",163000001,163500000,4
"3",163500001,1.64e+08,4
"3",164000001,164500000,4
"3",164500001,1.65e+08,4
"3",165000001,165500000,4
"3",165500001,1.66e+08,4
"3",166000001,166500000,4
"3",166500001,166949451,4
"3",176879312,176894267,3
"4",65497208,65500000,2
"4",65500001,6.6e+07,2
"4",66000001,66500000,2
"4",66500001,6.7e+07,2
"4",67000001,67500000,2
"4",67500001,67545707,2
